rank,file,t_sec,score,U,A,D,n_boxes,n_ambiguous,empty,selected
1,frame_0297.jpg,118.8,0.7974,0.7547,1.0,0.6,10,6,False,True
2,frame_0295.jpg,118.0,0.7191,0.6662,0.8333,0.68,10,5,False,False
3,frame_0018.jpg,7.2,0.7151,0.6302,0.6667,1.0,7,4,False,True
4,frame_0029.jpg,11.6,0.7127,0.6253,0.6667,1.0,10,4,False,True
5,frame_0074.jpg,29.6,0.7086,0.5173,0.8333,1.0,12,5,False,True
6,frame_0031.jpg,12.4,0.6937,0.4875,0.8333,1.0,10,5,False,False
7,frame_0296.jpg,118.4,0.6887,0.7213,0.6667,0.64,11,4,False,False
8,frame_0002.jpg,0.8,0.6607,0.6214,0.5,1.0,13,3,False,True
9,frame_0278.jpg,111.2,0.6596,0.6913,0.8333,0.32,10,5,False,True
10,frame_0015.jpg,6.0,0.6595,0.619,0.5,1.0,8,3,False,False
11,frame_0368.jpg,147.2,0.6587,0.8015,0.8333,0.04,13,5,False,True
12,frame_0170.jpg,68.0,0.6577,0.7233,0.6667,0.48,10,4,False,True
13,frame_0072.jpg,28.8,0.6463,0.4925,0.6667,1.0,13,4,False,False
14,frame_0275.jpg,110.0,0.6425,0.605,1.0,0.2,13,6,False,False
15,frame_0378.jpg,151.2,0.6367,0.8413,0.6667,0.08,12,4,False,True
16,frame_0000.jpg,0.0,0.6316,0.6632,0.3333,1.0,7,2,False,False
17,frame_0301.jpg,120.4,0.6185,0.6609,0.6667,0.44,9,4,False,False
18,frame_0328.jpg,131.2,0.611,0.59,1.0,0.08,16,6,False,True
19,frame_0293.jpg,117.2,0.6099,0.6157,0.5,0.76,11,3,False,False
20,frame_0285.jpg,114.0,0.6052,0.5704,0.6667,0.6,9,4,False,True
21,frame_0005.jpg,2.0,0.6022,0.5044,0.5,1.0,7,3,False,False
22,frame_0071.jpg,28.4,0.6016,0.5032,0.5,1.0,10,3,False,False
23,frame_0032.jpg,12.8,0.601,0.6021,0.3333,1.0,9,2,False,False
24,frame_0292.jpg,116.8,0.6008,0.6817,0.3333,0.8,9,2,False,True
25,frame_0077.jpg,30.8,0.5975,0.543,0.5,0.88,10,3,False,False
26,frame_0069.jpg,27.6,0.5879,0.5758,0.3333,1.0,13,2,False,False
27,frame_0075.jpg,30.0,0.5834,0.5829,0.3333,0.96,8,2,False,False
28,frame_0206.jpg,82.4,0.583,0.862,0.0,0.76,1,0,False,False
29,frame_0130.jpg,52.0,0.58,0.492,0.5,0.92,14,3,False,False
30,frame_0126.jpg,50.4,0.5768,0.5496,0.5,0.76,8,3,False,False
31,frame_0384.jpg,153.6,0.5756,0.8873,0.3333,0.16,13,2,False,False
32,frame_0033.jpg,13.2,0.5722,0.4445,0.5,1.0,11,3,False,False
33,frame_0001.jpg,0.4,0.5717,0.5434,0.3333,1.0,12,2,False,False
34,frame_0196.jpg,78.4,0.5713,0.7987,0.3333,0.36,2,2,False,False
35,frame_0330.jpg,132.0,0.5708,0.6256,0.8333,0.04,13,5,False,False
36,frame_0020.jpg,8.0,0.5656,0.5313,0.3333,1.0,6,2,False,False
37,frame_0004.jpg,1.6,0.5637,0.5275,0.3333,1.0,7,2,False,False
38,frame_0306.jpg,122.4,0.5629,0.6298,0.6667,0.24,11,4,False,False
39,frame_0030.jpg,12.0,0.5622,0.4244,0.5,1.0,9,3,False,False
40,frame_0010.jpg,4.0,0.5598,0.5197,0.3333,1.0,5,2,False,False
41,frame_0386.jpg,154.4,0.5595,0.6229,0.6667,0.24,13,4,False,False
42,frame_0300.jpg,120.0,0.5587,0.5253,0.6667,0.48,12,4,False,False
43,frame_0280.jpg,112.0,0.5528,0.8456,0.1667,0.4,11,1,False,False
44,frame_0289.jpg,115.6,0.5445,0.5851,0.3333,0.76,9,2,False,False
45,frame_0291.jpg,116.4,0.5445,0.553,0.3333,0.84,8,2,False,False
46,frame_0276.jpg,110.4,0.5424,0.5887,0.6667,0.24,13,4,False,False
47,frame_0078.jpg,31.2,0.5394,0.6428,0.1667,0.84,11,1,False,False
48,frame_0389.jpg,155.6,0.5387,0.6294,0.6667,0.12,10,4,False,False
49,frame_0233.jpg,93.2,0.5372,0.5783,0.6667,0.24,10,4,False,False
50,frame_0132.jpg,52.8,0.5364,0.5728,0.1667,1.0,11,1,False,False
51,frame_0021.jpg,8.4,0.5349,0.4698,0.3333,1.0,7,2,False,False
52,frame_0073.jpg,29.2,0.5348,0.4696,0.3333,1.0,9,2,False,False
53,frame_0123.jpg,49.2,0.5328,0.6097,0.3333,0.64,10,2,False,False
54,frame_0082.jpg,32.8,0.5325,0.493,0.5,0.68,14,3,False,False
55,frame_0317.jpg,126.8,0.5285,0.477,0.8333,0.2,9,5,False,False
56,frame_0226.jpg,90.4,0.528,0.6399,0.6667,0.04,12,4,False,False
57,frame_0290.jpg,116.0,0.5279,0.6358,0.1667,0.8,10,1,False,False
58,frame_0014.jpg,5.6,0.5278,0.4557,0.3333,1.0,6,2,False,False
59,frame_0282.jpg,112.8,0.5271,0.5622,0.5,0.48,10,3,False,False
60,frame_0307.jpg,122.8,0.527,0.674,0.5,0.2,9,3,False,False
61,frame_0026.jpg,10.4,0.5265,0.353,0.5,1.0,9,3,False,False
62,frame_0171.jpg,68.4,0.5239,0.5719,0.5,0.44,8,3,False,False
63,frame_0383.jpg,153.2,0.5229,0.5977,0.6667,0.12,11,4,False,False
64,frame_0288.jpg,115.2,0.5223,0.4566,0.5,0.72,8,3,False,False
65,frame_0070.jpg,28.0,0.5219,0.4439,0.3333,1.0,10,2,False,False
66,frame_0067.jpg,26.8,0.5218,0.4437,0.3333,1.0,11,2,False,False
67,frame_0309.jpg,123.6,0.5208,0.6936,0.5,0.12,9,3,False,False
68,frame_0124.jpg,49.6,0.5178,0.4635,0.5,0.68,15,3,False,False
69,frame_0379.jpg,151.6,0.5178,0.6195,0.6667,0.04,15,4,False,False
70,frame_0370.jpg,148.0,0.5177,0.8194,0.3333,0.04,15,2,False,False
71,frame_0374.jpg,149.6,0.517,0.7541,0.3333,0.2,12,2,False,False
72,frame_0387.jpg,154.8,0.5157,0.6514,0.5,0.2,13,3,False,False
73,frame_0085.jpg,34.0,0.5126,0.5013,0.5,0.56,8,3,False,False
74,frame_0011.jpg,4.4,0.5123,0.5246,0.1667,1.0,4,1,False,False
75,frame_0173.jpg,69.2,0.5108,0.4775,0.6667,0.36,9,4,False,False
76,frame_0305.jpg,122.0,0.5104,0.6087,0.5,0.28,9,3,False,False
77,frame_0319.jpg,127.6,0.5067,0.6014,0.5,0.28,7,3,False,False
78,frame_0186.jpg,74.4,0.5066,0.5972,0.6667,0.04,11,4,False,False
79,frame_0377.jpg,150.8,0.5039,0.5598,0.6667,0.12,14,4,False,False
80,frame_0125.jpg,50.0,0.5023,0.4167,0.5,0.72,11,3,False,False
81,frame_0112.jpg,44.8,0.5011,0.6223,0.5,0.2,9,3,False,False
82,frame_0217.jpg,86.8,0.4993,0.6386,0.3333,0.4,5,2,False,False
83,frame_0287.jpg,114.8,0.4956,0.4192,0.5,0.68,10,3,False,False
84,frame_0371.jpg,148.4,0.4949,0.6578,0.5,0.08,10,3,False,False
85,frame_0176.jpg,70.4,0.489,0.582,0.5,0.24,10,3,False,False
86,frame_0195.jpg,78.0,0.4887,0.5494,0.5,0.32,5,3,False,False
87,frame_0024.jpg,9.6,0.4875,0.3751,0.3333,1.0,4,2,False,False
88,frame_0209.jpg,83.6,0.4873,0.4867,0.3333,0.72,8,2,False,False
89,frame_0133.jpg,53.2,0.4844,0.5689,0.0,1.0,12,0,False,False
90,frame_0286.jpg,114.4,0.4842,0.5124,0.3333,0.64,11,2,False,False
91,frame_0279.jpg,111.6,0.4836,0.6232,0.3333,0.36,9,2,False,False
92,frame_0315.jpg,126.0,0.4835,0.5189,0.6667,0.12,9,4,False,False
93,frame_0294.jpg,117.6,0.4819,0.4759,0.3333,0.72,12,2,False,False
94,frame_0180.jpg,72.0,0.4813,0.7307,0.3333,0.08,12,2,False,False
95,frame_0318.jpg,127.2,0.4801,0.6643,0.3333,0.24,7,2,False,False
96,frame_0168.jpg,67.2,0.4783,0.6326,0.1667,0.56,8,1,False,False
97,frame_0375.jpg,150.0,0.4778,0.5755,0.5,0.2,12,3,False,False
98,frame_0188.jpg,75.2,0.4773,0.5386,0.6667,0.04,13,4,False,False
99,frame_0385.jpg,154.0,0.4756,0.5711,0.5,0.2,13,3,False,False
100,frame_0321.jpg,128.4,0.4752,0.4704,0.6667,0.2,7,4,False,False
101,frame_0028.jpg,11.2,0.4742,0.3485,0.3333,1.0,7,2,False,False
102,frame_0184.jpg,73.6,0.4708,0.6095,0.5,0.08,6,3,False,False
103,frame_0232.jpg,92.8,0.4705,0.661,0.3333,0.2,12,2,False,False
104,frame_0172.jpg,68.8,0.4694,0.4789,0.5,0.4,8,3,False,False
105,frame_0122.jpg,48.8,0.4683,0.3967,0.5,0.6,10,3,False,False
106,frame_0027.jpg,10.8,0.4676,0.3352,0.3333,1.0,9,2,False,False
107,frame_0025.jpg,10.0,0.4646,0.3293,0.3333,1.0,5,2,False,False
108,frame_0116.jpg,46.4,0.4611,0.5782,0.3333,0.36,10,2,False,False
109,frame_0274.jpg,109.6,0.4593,0.4546,0.6667,0.16,12,4,False,False
110,frame_0277.jpg,110.8,0.4587,0.5054,0.5,0.28,11,3,False,False
111,frame_0175.jpg,70.0,0.4575,0.7029,0.1667,0.28,9,1,False,False
112,frame_0303.jpg,121.2,0.4552,0.4664,0.5,0.36,10,3,False,False
113,frame_0308.jpg,123.2,0.4552,0.5464,0.5,0.16,7,3,False,False
114,frame_0079.jpg,31.6,0.4543,0.4885,0.1667,0.8,8,1,False,False
115,frame_0017.jpg,6.8,0.4521,0.4042,0.1667,1.0,8,1,False,False
116,frame_0111.jpg,44.4,0.4513,0.4386,0.6667,0.16,9,4,False,False
117,frame_0372.jpg,148.8,0.4504,0.4527,0.6667,0.12,10,4,False,False
118,frame_0271.jpg,108.4,0.4488,0.5816,0.5,0.04,14,3,False,False
119,frame_0118.jpg,47.2,0.4479,0.5198,0.3333,0.44,9,2,False,False
120,frame_0304.jpg,121.6,0.4478,0.5676,0.3333,0.32,9,2,False,False
121,frame_0089.jpg,35.6,0.4468,0.5336,0.3333,0.4,8,2,False,False
122,frame_0019.jpg,7.6,0.4465,0.4929,0.0,1.0,4,0,False,False
123,frame_0382.jpg,152.8,0.4458,0.5596,0.5,0.08,11,3,False,False
124,frame_0128.jpg,51.2,0.4446,0.5532,0.0,0.84,6,0,False,False
125,frame_0329.jpg,131.6,0.4421,0.5522,0.5,0.08,14,3,False,False
126,frame_0003.jpg,1.2,0.4417,0.3834,0.1667,1.0,8,1,False,False
127,frame_0231.jpg,92.4,0.4397,0.5154,0.5,0.16,9,3,False,False
128,frame_0398.jpg,159.2,0.4395,0.6829,0.1667,0.24,11,1,False,False
129,frame_0202.jpg,80.8,0.4381,0.4363,0.3333,0.6,4,2,False,False
130,frame_0199.jpg,79.6,0.4374,0.5828,0.1667,0.48,1,1,False,False
131,frame_0016.jpg,6.4,0.4348,0.4696,0.0,1.0,6,0,False,False
132,frame_0376.jpg,150.4,0.4302,0.3963,0.6667,0.16,10,4,False,False
133,frame_0098.jpg,39.2,0.43,0.544,0.5,0.04,8,3,False,False
134,frame_0298.jpg,119.2,0.4288,0.4337,0.3333,0.56,9,2,False,False
135,frame_0127.jpg,50.8,0.425,0.3301,0.3333,0.8,7,2,False,False
136,frame_0325.jpg,130.0,0.4243,0.4325,0.6667,0.04,16,4,False,False
137,frame_0273.jpg,109.2,0.4204,0.4928,0.5,0.12,14,3,False,False
138,frame_0324.jpg,129.6,0.42,0.408,0.6667,0.08,11,4,False,False
139,frame_0169.jpg,67.6,0.4147,0.5214,0.1667,0.52,9,1,False,False
140,frame_0084.jpg,33.6,0.4127,0.3854,0.3333,0.6,13,2,False,False
141,frame_0006.jpg,2.4,0.4122,0.4243,0.0,1.0,4,0,False,False
142,frame_0174.jpg,69.6,0.4113,0.3947,0.5,0.32,8,3,False,False
143,frame_0367.jpg,146.8,0.41,0.5881,0.3333,0.08,17,2,False,False
144,frame_0008.jpg,3.2,0.4093,0.3186,0.1667,1.0,5,1,False,False
145,frame_0189.jpg,75.6,0.4084,0.4848,0.5,0.08,5,3,False,False
146,frame_0322.jpg,128.8,0.4083,0.4527,0.5,0.16,8,3,False,False
147,frame_0220.jpg,88.0,0.4065,0.401,0.5,0.28,6,3,False,False
148,frame_0131.jpg,52.4,0.4059,0.4277,0.0,0.96,11,0,False,False
149,frame_0211.jpg,84.4,0.4055,0.3551,0.3333,0.64,6,2,False,False
150,frame_0332.jpg,132.8,0.4054,0.4948,0.5,0.04,12,3,False,False
151,frame_0106.jpg,42.4,0.4043,0.4926,0.5,0.04,12,3,False,False
152,frame_0114.jpg,45.6,0.4009,0.5898,0.1667,0.28,10,1,False,False
153,frame_0327.jpg,130.8,0.4009,0.4857,0.5,0.04,14,3,False,False
154,frame_0012.jpg,4.8,0.3987,0.2973,0.1667,1.0,6,1,False,False
155,frame_0203.jpg,81.2,0.3984,0.4408,0.1667,0.64,4,1,False,False
156,frame_0399.jpg,159.6,0.3984,0.4849,0.3333,0.28,9,2,False,False
157,frame_0281.jpg,112.4,0.3966,0.4172,0.3333,0.44,9,2,False,False
158,frame_0268.jpg,107.2,0.3953,0.5586,0.3333,0.08,6,2,False,False
159,frame_0208.jpg,83.2,0.3951,0.3862,0.1667,0.76,5,1,False,False
160,frame_0091.jpg,36.4,0.3939,0.3598,0.5,0.32,6,3,False,False
161,frame_0113.jpg,45.2,0.3938,0.4917,0.3333,0.24,10,2,False,False
162,frame_0068.jpg,27.2,0.3923,0.3847,0.0,1.0,9,0,False,False
163,frame_0076.jpg,30.4,0.3919,0.4158,0.0,0.92,11,0,False,False
164,frame_0333.jpg,133.2,0.3895,0.5471,0.3333,0.08,12,2,False,False
165,frame_0088.jpg,35.2,0.3873,0.3987,0.3333,0.44,7,2,False,False
166,frame_0269.jpg,107.6,0.3851,0.5542,0.3333,0.04,10,2,False,False
167,frame_0013.jpg,5.2,0.3848,0.2695,0.1667,1.0,6,1,False,False
168,frame_0388.jpg,155.2,0.3833,0.5026,0.3333,0.16,10,2,False,False
169,frame_0095.jpg,38.0,0.3819,0.4998,0.3333,0.16,7,2,False,False
170,frame_0381.jpg,152.4,0.3811,0.4462,0.5,0.04,9,3,False,False
171,frame_0080.jpg,32.0,0.3763,0.3486,0.1667,0.76,8,1,False,False
172,frame_0104.jpg,41.6,0.3724,0.3968,0.5,0.12,9,3,False,False
173,frame_0299.jpg,119.6,0.3662,0.4244,0.1667,0.52,10,1,False,False
174,frame_0194.jpg,77.6,0.3654,0.5187,0.1667,0.28,4,1,False,False
175,frame_0316.jpg,126.4,0.3648,0.3656,0.5,0.16,7,3,False,False
176,frame_0390.jpg,156.0,0.3643,0.5965,0.1667,0.08,9,1,False,False
177,frame_0222.jpg,88.8,0.3614,0.4428,0.3333,0.2,9,2,False,False
178,frame_0373.jpg,149.2,0.3598,0.4557,0.3333,0.16,13,2,False,False
179,frame_0230.jpg,92.0,0.359,0.57,0.1667,0.12,9,1,False,False
180,frame_0129.jpg,51.6,0.3564,0.3607,0.0,0.88,10,0,False,False
181,frame_0314.jpg,125.6,0.3555,0.379,0.5,0.08,10,3,False,False
182,frame_0201.jpg,80.4,0.3541,0.3841,0.1667,0.56,4,1,False,False
183,frame_0397.jpg,158.8,0.3539,0.4278,0.3333,0.2,11,2,False,False
184,frame_0181.jpg,72.4,0.3531,0.3903,0.5,0.04,11,3,False,False
185,frame_0267.jpg,106.8,0.3531,0.4582,0.3333,0.12,7,2,False,False
186,frame_0391.jpg,156.4,0.3531,0.5902,0.1667,0.04,7,1,False,False
187,frame_0081.jpg,32.4,0.3522,0.4165,0.0,0.72,8,0,False,False
188,frame_0192.jpg,76.8,0.3505,0.521,0.1667,0.2,4,1,False,False
189,frame_0167.jpg,66.8,0.3496,0.3591,0.1667,0.6,9,1,False,False
190,frame_0229.jpg,91.6,0.3478,0.4637,0.3333,0.08,10,2,False,False
191,frame_0283.jpg,113.2,0.3475,0.387,0.1667,0.52,9,1,False,False
192,frame_0105.jpg,42.0,0.3463,0.5605,0.1667,0.08,8,1,False,False
193,frame_0097.jpg,38.8,0.3442,0.4565,0.3333,0.08,11,2,False,False
194,frame_0272.jpg,108.8,0.3411,0.4502,0.3333,0.08,14,2,False,False
195,frame_0224.jpg,89.6,0.3373,0.4267,0.3333,0.12,8,2,False,False
196,frame_0087.jpg,34.8,0.337,0.382,0.1667,0.48,8,1,False,False
197,frame_0193.jpg,77.2,0.3344,0.3728,0.3333,0.24,5,2,False,False
198,frame_0109.jpg,43.6,0.3308,0.4296,0.3333,0.08,9,2,False,False
199,frame_0190.jpg,76.0,0.3303,0.4127,0.3333,0.12,8,2,False,False
200,frame_0119.jpg,47.6,0.3233,0.3546,0.1667,0.48,7,1,False,False
201,frame_0396.jpg,158.4,0.3227,0.4813,0.1667,0.16,10,1,False,False
202,frame_0009.jpg,3.6,0.3218,0.2436,0.0,1.0,4,0,False,False
203,frame_0323.jpg,129.2,0.3208,0.4936,0.1667,0.12,10,1,False,False
204,frame_0310.jpg,124.0,0.3189,0.5058,0.1667,0.08,9,1,False,False
205,frame_0108.jpg,43.2,0.3172,0.5184,0.1667,0.04,10,1,False,False
206,frame_0090.jpg,36.0,0.3168,0.2896,0.3333,0.36,8,2,False,False
207,frame_0228.jpg,91.2,0.3156,0.4153,0.3333,0.04,8,2,False,False
208,frame_0092.jpg,36.8,0.3126,0.4132,0.1667,0.28,8,1,False,False
209,frame_0007.jpg,2.8,0.3124,0.2247,0.0,1.0,5,0,False,False
210,frame_0179.jpg,71.6,0.3108,0.4736,0.1667,0.12,10,1,False,False
211,frame_0320.jpg,128.0,0.3105,0.425,0.1667,0.24,9,1,False,False
212,frame_0284.jpg,113.6,0.3085,0.2929,0.1667,0.56,10,1,False,False
213,frame_0207.jpg,82.8,0.3043,0.1886,0.1667,0.8,5,1,False,False
214,frame_0302.jpg,120.8,0.293,0.4259,0.0,0.4,6,0,False,False
215,frame_0204.jpg,81.6,0.2891,0.2062,0.1667,0.68,5,1,False,False
216,frame_0219.jpg,87.6,0.2884,0.3488,0.1667,0.32,4,1,False,False
217,frame_0183.jpg,73.2,0.2833,0.4506,0.1667,0.04,7,1,False,False
218,frame_0117.jpg,46.8,0.2827,0.4053,0.0,0.4,10,0,False,False
219,frame_0083.jpg,33.2,0.2825,0.209,0.1667,0.64,9,1,False,False
220,frame_0023.jpg,9.2,0.2824,0.1648,0.0,1.0,6,0,False,False
221,frame_0022.jpg,8.8,0.2813,0.1626,0.0,1.0,4,0,False,False
222,frame_0177.jpg,70.8,0.2796,0.3791,0.1667,0.2,15,1,False,False
223,frame_0223.jpg,89.2,0.2783,0.2926,0.3333,0.16,9,2,False,False
224,frame_0225.jpg,90.0,0.2771,0.4221,0.1667,0.08,9,1,False,False
225,frame_0185.jpg,74.0,0.2755,0.4189,0.1667,0.08,9,1,False,False
226,frame_0191.jpg,76.4,0.2745,0.3849,0.1667,0.16,5,1,False,False
227,frame_0096.jpg,38.4,0.2713,0.2946,0.3333,0.12,9,2,False,False
228,frame_0198.jpg,79.2,0.2687,0.2614,0.1667,0.44,4,1,False,False
229,frame_0212.jpg,84.8,0.2663,0.1925,0.1667,0.6,7,1,False,False
230,frame_0102.jpg,40.8,0.2659,0.3838,0.1667,0.12,7,1,False,False
231,frame_0093.jpg,37.2,0.2647,0.3334,0.1667,0.24,9,1,False,False
232,frame_0313.jpg,125.2,0.2638,0.3117,0.3333,0.04,8,2,False,False
233,frame_0213.jpg,85.2,0.2622,0.3004,0.0,0.56,5,0,False,False
234,frame_0311.jpg,124.4,0.262,0.408,0.1667,0.04,12,1,False,False
235,frame_0103.jpg,41.2,0.2569,0.3498,0.1667,0.16,7,1,False,False
236,frame_0215.jpg,86.0,0.2539,0.2158,0.1667,0.48,9,1,False,False
237,frame_0115.jpg,46.0,0.2498,0.2716,0.1667,0.32,7,1,False,False
238,frame_0178.jpg,71.2,0.2475,0.4311,0.0,0.16,12,0,False,False
239,frame_0205.jpg,82.0,0.2472,0.2065,0.0,0.72,3,0,False,False
240,frame_0101.jpg,40.4,0.2467,0.3613,0.1667,0.08,10,1,False,False
241,frame_0394.jpg,157.6,0.2456,0.2593,0.3333,0.08,10,2,False,False
242,frame_0216.jpg,86.4,0.2379,0.2997,0.0,0.44,6,0,False,False
243,frame_0210.jpg,84.0,0.237,0.202,0.0,0.68,5,0,False,False
244,frame_0086.jpg,34.4,0.225,0.242,0.0,0.52,6,0,False,False
245,frame_0121.jpg,48.4,0.2249,0.2258,0.0,0.56,8,0,False,False
246,frame_0100.jpg,40.0,0.224,0.3319,0.1667,0.04,7,1,False,False
247,frame_0218.jpg,87.2,0.2125,0.281,0.0,0.36,4,0,False,False
248,frame_0120.jpg,48.0,0.204,0.2,0.0,0.52,9,0,False,False
249,frame_0094.jpg,37.6,0.2021,0.3243,0.0,0.2,6,0,False,False
250,frame_0110.jpg,44.0,0.1783,0.3087,0.0,0.12,9,0,False,False
251,frame_0221.jpg,88.4,0.1768,0.2576,0.0,0.24,9,0,False,False
252,frame_0214.jpg,85.6,0.1732,0.1383,0.0,0.52,4,0,False,False
253,frame_0200.jpg,80.0,0.1706,0.1332,0.0,0.52,3,0,False,False
254,frame_0395.jpg,158.0,0.1666,0.2852,0.0,0.12,6,0,False,False
255,frame_0197.jpg,78.8,0.1648,0.1697,0.0,0.4,3,0,False,False
256,frame_0393.jpg,157.2,0.158,0.1999,0.1667,0.04,7,1,False,False
